jobId,title,location,postingDate,url,scraped_at
4411617042,"Principal Software Engineer, Foundry Agents - CoreAI","Redmond, WA",2026-10-05,https://www.linkedin.com/jobs/view/4411617042,2026-10-05 16:51 UTC
4447790912,Software Engineer II and/or Senior Software Engineer - Backend,"Redmond, WA",2026-10-04,https://www.linkedin.com/jobs/view/4447790912,2026-10-05 16:51 UTC
4447782936,"Senior Software Engineer, Ads Platform","Redmond, WA",2026-10-04,https://www.linkedin.com/jobs/view/4447782936,2026-10-05 16:51 UTC
4447514169,Sr. Software Engineer -CTJ- Poly,"Reston, VA",2026-10-04,https://www.linkedin.com/jobs/view/4447514169,2026-10-05 16:51 UTC
4447795758,Principal Software Engineer,"Redmond, WA",2026-10-04,https://www.linkedin.com/jobs/view/4447795758,2026-10-05 16:51 UTC
4447528022,"Senior Software Engineer, Media Platforms","Redmond, WA",2026-10-04,https://www.linkedin.com/jobs/view/4447528022,2026-10-05 16:51 UTC
4447525076,"Senior Software Engineer, Ads Platform Frontend","Redmond, WA",2026-10-04,https://www.linkedin.com/jobs/view/4447525076,2026-10-05 16:51 UTC
4475309911,Software Engineer/Sr. Software Engineer,"Redmond, WA",2026-10-03,https://www.linkedin.com/jobs/view/4475309911,2026-10-05 16:51 UTC
4430456092,Software Engineer - CTJ - Poly,"Reston, VA",2026-10-03,https://www.linkedin.com/jobs/view/4430456092,2026-10-05 16:51 UTC
4466070873,Principal Software Engineer,"Redmond, WA",2026-10-03,https://www.linkedin.com/jobs/view/4466070873,2026-10-05 16:51 UTC
4475307861,Software Engineer Intune,"Redmond, WA",2026-10-03,https://www.linkedin.com/jobs/view/4475307861,2026-10-05 16:51 UTC
4420695497,Software Engineer - CTJ - Poly,"Reston, VA",2026-10-03,https://www.linkedin.com/jobs/view/4420695497,2026-10-05 16:51 UTC
4466089319,Software Engineering II and Senior Software Engineer (CoreAI - Post Training),"Redmond, WA",2026-10-03,https://www.linkedin.com/jobs/view/4466089319,2026-10-05 16:51 UTC
4466079788,Software Engineer II,"Redmond, WA",2026-10-03,https://www.linkedin.com/jobs/view/4466079788,2026-10-05 16:51 UTC
4466490286,Software Engineer II - CTJ - Poly,"Redmond, WA",2026-10-03,https://www.linkedin.com/jobs/view/4466490286,2026-10-05 16:51 UTC
4475305981,Senior Software Engineer - Azure Reliability,"Redmond, WA",2026-10-03,https://www.linkedin.com/jobs/view/4475305981,2026-10-05 16:51 UTC
4447526090,"Senior Software Engineer, Ads AI","Mountain View, CA",2026-10-03,https://www.linkedin.com/jobs/view/4447526090,2026-10-05 16:51 UTC
4466484406,Software Engineer II - CTJ - POLY,"Redmond, WA",2026-10-03,https://www.linkedin.com/jobs/view/4466484406,2026-10-05 16:51 UTC
4457327075,"Senior Software Engineer - AI Experiences, Microsoft Edge","Redmond, WA",2026-10-03,https://www.linkedin.com/jobs/view/4457327075,2026-10-05 16:51 UTC
4466487291,Senior Software Engineer - CTJ - Poly,"Redmond, WA",2026-10-03,https://www.linkedin.com/jobs/view/4466487291,2026-10-05 16:51 UTC
4475321218,Senior Software Engineer - AI Infrastructure,"Redmond, WA",2026-10-03,https://www.linkedin.com/jobs/view/4475321218,2026-10-05 16:51 UTC
4475304969,Software Engineer,"Redmond, WA",2026-10-03,https://www.linkedin.com/jobs/view/4475304969,2026-10-05 16:51 UTC
4447524091,"Senior Software Engineer, Distributed Systems","Redmond, WA",2026-10-03,https://www.linkedin.com/jobs/view/4447524091,2026-10-05 16:51 UTC
4447514168,"Principal Software Engineer, Online Ads Systems","Redmond, WA",2026-10-03,https://www.linkedin.com/jobs/view/4447514168,2026-10-05 16:51 UTC
4475320243,Senior Software Engineer - CTJ - TS/SCI,"Reston, VA",2026-10-03,https://www.linkedin.com/jobs/view/4475320243,2026-10-05 16:51 UTC
4475313620,Software Engineer II,"Redmond, WA",2026-10-03,https://www.linkedin.com/jobs/view/4475313620,2026-10-05 16:51 UTC
4443597907,Senior Software Engineer,"Redmond, WA",2026-10-03,https://www.linkedin.com/jobs/view/4443597907,2026-10-05 16:51 UTC
4475308808,Principal Software Engineer-Fullstack-CoreAI,"Redmond, WA",2026-10-03,https://www.linkedin.com/jobs/view/4475308808,2026-10-05 16:51 UTC
4466704143,Software Engineer II - CTJ - Poly,"Redmond, WA",2026-10-03,https://www.linkedin.com/jobs/view/4466704143,2026-10-05 16:51 UTC
4466084722,Software Engineer- CoreAI,"Redmond, WA",2026-10-03,https://www.linkedin.com/jobs/view/4466084722,2026-10-05 16:51 UTC
4475317498,Software Engineering,"Redmond, WA",2026-10-03,https://www.linkedin.com/jobs/view/4475317498,2026-10-05 16:51 UTC
4466484404,Principal Software Engineer,"Redmond, WA",2026-10-03,https://www.linkedin.com/jobs/view/4466484404,2026-10-05 16:51 UTC
4475322221,Senior Software Engineer,United States,2026-10-03,https://www.linkedin.com/jobs/view/4475322221,2026-10-05 16:51 UTC
4465696060,Software Engineer II/Sr. Software Engineer,"Redmond, WA",2026-10-02,https://www.linkedin.com/jobs/view/4465696060,2026-10-05 16:51 UTC
4447512251,Senior Software Engineer,"Redmond, WA",2026-10-02,https://www.linkedin.com/jobs/view/4447512251,2026-10-05 16:51 UTC
4447524092,Senior Software Engineer,"Redmond, WA",2026-10-02,https://www.linkedin.com/jobs/view/4447524092,2026-10-05 16:51 UTC
